Permit Number,Mine Name,Operator,County,Mineral Group,Mineral Type,Longitude,Latitude,
I-000720,HILLTOP MINE,HILLTOP C&D LLC,AIKEN,SAND,SAND,-81.87276354,33.59000776,
GP1-001947,MAGNOLIA LAKE MINE,MAGNOLIA LAKE DEVELOPERS LLC,FLORENCE,SAND,SAND,-79.80009078,34.14959158,
I-000942,ELLOREE MINE,T & N ENTERPRISES INC,ORANGEBURG,CLAY,CLAY,-80.79485364,33.49946537,
GP1-002085,GUM DROP MINE,DILLON COUNTY,DILLON,SAND,SAND,-79.31396287,34.33942442,
GP1-002102,FRIENDSHIP MINE,FRIENDSHIP FARMS LLC,MARION,SAND,SAND,-79.43872616,34.02021125,
I-002131,CALHOUN MINE,HAIR & SONS INC,CALHOUN,SAND,SANDCLAY,-80.88516638,33.63659272,
GP1-002158,HYDE PARK POLO FARM MINE,W FRAZIER CONSTRUCTION INC,CHARLESTON,SAND,SAND,-80.23059067,32.81692264,
I-002190,OLD SOUTH MATERIALS MINE,OLD SOUTH MATERIALS LLC,ORANGEBURG,SAND,SANDCLAY,-80.92928335,33.62906677,
I-001062,CHESTERFIELD QUARRY,MARTIN MARIETTA MATERIALS INC,CHESTERFIELD,GRANITE,GRANITE,-80.39304469,34.67781143,
GP1-002238,BROCK'S W. OLD CAMDEN MINE,BROCK' S GRADING AND LAND CLEARING LLC,DARLINGTON,SAND,SAND,-80.20229817,34.37940567,
I-000928,SAND RIDGE,OLD TIME CONCRETE INC,HORRY,SAND,SAND,-78.68789053,33.84183617,
I-001094,COLTHARP (CBM) LANDFILL MINE,COLTHARP INC,YORK,SAND,SAND,-80.95607441,35.04598338,
I-001101,CONESTEE RD. BORROW PIT,BURDETTE ENTERPRISES INC,GREENVILLE,SAND,SAND,-82.34399263,34.77026448,
I-001105,BOYKIN RIDGE MINE,TRI COUNTY INVESTMENTS LLC,DORCHESTER,SAND,SAND,-80.38653464,33.11129067,
I-002195,TREE FARM MINE,O L THOMPSON CONSTRUCTION CO INC,CHARLESTON,SAND,SANDCLAY,-80.26244288,32.78415879,
I-001900,KERSHAW QUARRY,LUCK STONE CORP,KERSHAW,GRANITE,GRANITE,-80.61872048,34.48407109,
I-001881,MCLELLAN MINE,L H STOKES & SON INC,FLORENCE,SAND,SOIL,-79.76071613,34.24478606,
I-001243,JORDAN-FOWLER TRACT MINE,MCINTYRE SAND COMPANY INC,UNION,SAND,SANDRIV,-81.48229456,34.82050869,
GP1-002029,BROWN MINE,BROWNS MOBILE PARK LLC,HORRY,SAND,SAND,-79.12795642,33.88902502,
GP1-002057,OWENS MINE,JR OWENS CONSTRUCTION & AG COMPANY INC,BARNWELL,SAND,SAND,-81.27332796,33.40811073,
I-000114,SHALE PIT,MERIDIAN BRICK LLC,CHEROKEE,SHALE,SHALE,-81.58619595,35.08533254,
I-000405,CONGAREE QUARRY,GEORGIA STONE INDUSTRIES INC,LANCASTER,GRANITE,GRANITE,-80.71145614,34.52820192,
I-000460,ROGERS MINE,SPECIALTY VERMICULITE LLC,SPARTANBURG,VERM,VERM,-81.9567098,34.7361244,
I-001471,BEES CREEK MINE,GLOVER REAL ESTATE LLC,JASPER,SAND,SAND,-80.96033661,32.45405868,
I-001485,PEGUES MINE,J L ANDERSON CO INC,MARLBORO,SHALE,SHALE,-79.92591717,34.79811937,
I-000594,GENTRY MINE,KENTUCKY TENNESSEE CLAY CO,AIKEN,CLAY,KAOLIN,-81.60675878,33.65231266,
I-001589,BELO ROAD SAND MINE,TRISTAR LAND COMPANY LLC,LEXINGTON,SAND,SANDCLAY,-81.31760224,33.91978193,
GP1-001528,CLINKSCALE,J L ANDERSON CO INC,MARLBORO,SAND,SAND,-79.79288215,34.70720925,
I-002183,COLDWATER MINE,WELBYS CONSTRUCTION MATERIALS LLC,DORCHESTER,SAND,SANDCLAY,-80.48404578,33.10673388,
I-002257,GOLDEN GROVE MINE,O L THOMPSON CONSTRUCTION CO INC,CHARLESTON,SAND,SANDCLAY,-80.27232272,32.78245724,
I-001993,APACHE MINE,SOUTHERN ASPHALT INC,HORRY,SAND,SAND,-78.79171174,33.79790464,
I-002106,LEXINGTON QUARRY,VULCAN CONSTRUCTION MATERIALS LLC,LEXINGTON,GRANITE,GRANITE,-81.46680877,33.94919078,
I-000743,17A MINE PIT,ACRE MAKER A PARTNERSHIP,BERKELEY,SAND,SAND,-80.08719687,33.12421559,
I-000958,EDMUND MINE,BLUEGRASS MATERIALS COMPANY LLC,LEXINGTON,SAND,SAND,-81.21410388,33.85599254,
I-002025,TAYLOR-TRASK MINE,OKATIE CONSTRUCTION LLC,BEAUFORT,SAND,SAND,-80.7577181,32.46763009,
GP1-002155,MURDOCK MINE,L DEAN WEAVER COMPANY LLC,CHARLESTON,SAND,SAND,-79.63354704,-79.63354704,
I-000759,LOWRY'S QUARRY,HANSON AGGREGATES SOUTHEAST LLC,YORK,GRANITE,GRANITE,-81.27272447,34.82551713,
I-000797,PAGELAND QUARRY,HANSON AGGREGATES SOUTHEAST LLC,CHESTERFIELD,GRANITE,GRANITE,-80.33799177,34.77259411,
I-002205,AG MINE,STONE CONSTRUCTION LLC,GEORGETOWN,SAND,SAND,-79.472384,33.3139044,
I-002209,BUIST MINE,ALLSTON FARRELL LLC,CHARLESTON,SAND,SAND,-80.22175756,32.75049633,
I-002244,SUMMERS CORNER MINE,LENNAR CAROLINAS LLC,DORCHESTER,SAND,SANDCLAY,-80.3106398,32.93381582,
I-001099,RICKY'S DIRT PIT,DONALD RICHARDSON AND SON INC,HORRY,SAND,SAND,-79.08634218,33.81327286,
I-001111,VERENES TRACT,SPECIALTY VERMICULITE LLC,LAURENS,VERM,VERM,-81.96071068,34.3139484,
I-001157,P.MINING SITE II,P MINING CO INC,HORRY,SAND,SAND,-78.7398482,33.83481464,
I-001164,DONNAN#1 MINE,SPECIALTY VERMICULITE LLC,LAURENS,VERM,VERM,-81.89594856,34.57175901,
GP1-002033,CAMP SAND MINE,BAMBERG COUNTY,BAMBERG,SAND,SAND,-81.03888785,33.2611758,
GP1-001215,SUMMIT,B&T SAND COMPANY INC,LEXINGTON,SAND,SAND,-81.42658389,33.92575465,
I-001289,NORTH MYRTLE BEACH QUARRY,WAKE STONE CORP N MYRTLE BEACH QUARRY,HORRY,LIME,LIME,-78.80015548,33.99946233,
I-002093,CULCLASURE FARM MINE,SRF RANCH LLC,CALHOUN,SAND,SANDCLAY,-80.95120435,33.73633316,
I-000009,DIXIANA MINE,AMERICAN MATERIALS COMPANY LLC,LEXINGTON,SAND,SAND,-81.08726457,33.90279357,
I-000040,EDGEFIELD SHALE PIT,MERIDIAN BRICK LLC,EDGEFIELD,SHALE,SHALE,-82.02637244,33.88971014,
I-001979,OLD RIVER ROAD MINE,DILLON COUNTY,DILLON,CLAY,CLAY,-79.28417091,34.31017726,
I-000137,KOON CLAY MINE,CAROLINA CERAMICS LLC,KERSHAW,CLAY,KAOLIN,-80.70851548,34.0956528,
I-001848,CORLEY/HENDON MINE,CORLEY HENDON MINE,LEXINGTON,SAND,SOIL,-81.17684915,34.01509893,
GP1-001930,COMPOST FACILITY,BROWN PACKING CO INC,CHEROKEE,SAND,SAND,-81.68947094,34.97736175,
I-001971,HENRY MINE & IRRIGATION POND,HENRY FARMS INC,BEAUFORT,SAND,SANDCLAY,-80.58250381,32.3647348,
I-001367,MIDDENDORF MINE,J L ANDERSON CO INC,CHESTERFIELD,CLAY,KAOLIN,-80.14065912,34.50893889,
I-001992,RCPS HWY 501,RCPS PROPERTIES LLC,HORRY,SAND,SAND,-78.97760579,33.75902165,
GP1-002109,SPRINGVILLE FARM 1 MINE,SPRINGVILLE FARMS LLC,DARLINGTON,SAND,SAND,-79.83362787,34.35784237,
I-002259,FINKLEA'S MINE,FB CONTRACTORS LLC,FLORENCE,SAND,SAND,-79.79882793,34.03006182,
GP1-001546,BUTTERNUT,CANTEY CONSTRUCTION INC,KERSHAW,SAND,SAND,-80.59452244,34.33856007,
I-001588,PIONEER CLEARING #1,PIONEER CLEARING,EDGEFIELD,SAND,SANDCLAY,-81.94514682,33.63176878,
I-000535,TINDAL MINE,AMERICAN MATERIALS COMPANY LLC,LEXINGTON,SAND,SAND,-81.20801069,33.85407123,
GP1-002280,PINELAND MINE,SANDRIDGE ROAD HOLDINGS LLC,DORCHESTER,SAND,SAND,-80.41113004,33.13151418,
GP1-002294,DEPOT ROAD MINE,BACKWATER FARMS LLC,HORRY,SAND,SAND,-79.02653842,33.82431185,
I-001619,LYNCHES RIVER QUARRY,AMERICAN MATERIALS COMPANY LLC,CHESTERFIELD,GRANITE,GRANITE,-80.46452741,34.70475667,
GP1-001629,SANDHILL TRACT MINE,CLELAND SITE PREP INC,BEAUFORT,SAND,SAND,-80.96484236,32.25496354,
GP1-002104,CEDAR SWAMP ROAD MINE,ALICE KELLAHAN,WILLIAMSBURG,SAND,SAND,-79.76740405,33.64353744,
GP1-002050,BACK PASTURE,HOME PLACE FARMS LLC,CHARLESTON,SAND,SAND,-80.10067178,32.94711538,
GP1-001965,CLAWSON MINE,BUDDY CLAWSON CONSTRUCTION INC,YORK,SAND,SAND,-81.17421258,34.88061175,
GP1-002055,BRADY'S PIT,BRADY HILL,DARLINGTON,SAND,SAND,-79.89603426,34.40810727,
GP1-002060,PIC'S MINE,BREZEALE SHORELINE EROSION CONTROL INC,PICKENS,SAND,SAND,-82.72526453,34.8779316,
I-000776,P MINING PIT,P MINING CO INC,HORRY,LIME,COQ,-78.69922059,33.8361425,
I-000781,RICHARDSON'S IRMO MINE,RICHARDSON CONSTRUCTION COMPANY OF COLUM,RICHLAND,CLAY,CLAY,-81.17502593,34.09476079,
I-002187,MCCASKILL CREEK MINE,HMH MINING LLC,KERSHAW,SAND,SANDCLAY,-80.72728481,34.10490647,
I-002193,MAURENE MINE,TH COBURN CONSTRUCTION LLC,JASPER,SAND,SANDCLAY,-81.04796474,32.24996641,
GP1-002214,LANDSDOWNE MINE,CONNOR WILL,ORANGEBURG,SAND,SAND,-80.64392665,33.44143336,
GP1-002204,HUGHEY FERRY MINE,GREEN ACRES FARM & CONSTRUCTION CO INC,NEWBERRY,SAND,SAND,-81.3942734,34.32169902,
GP1-002220,DIAMOND SANDS,DIAMOND SANDS LLC,HORRY,SAND,SAND,-78.75103727,33.82904393,
I-002221,RECTOR MINE,L DEAN WEAVER COMPANY LLC,CHARLESTON,SAND,SAND,-79.64025524,32.97765921,
I-001089,RAVENEL MINE,W FRAZIER CONSTRUCTION INC,CHARLESTON,SAND,SAND,-80.25525112,32.76440267,
I-001160,TEMPLETON MINE,SPECIALTY VERMICULITE LLC,LAURENS,VERM,VERM,-81.94384914,34.57391654,
I-001163,WASHIE ROAD SAND MINE,GIANT CEMENT COMPANY,DORCHESTER,SAND,SAND,-80.35936741,33.17336154,
I-002112,JEFFERSON MINE,JACKSON DEVELOPMENT GROUP LLC,CHARLESTON,SAND,SANDCLAY,-79.60516964,33.01018859,
GP1-001931,QUARRY ROAD MINE,HERBERT ANDERSON JR CONSTRUCTION INC,GREENWOOD,SAND,SAND,-82.14440075,34.27615706,
GP1-001963,SPINX # 249 MINE,ENIGMA CORPORATION,GREENVILLE,SAND,SAND,-82.4312273,35.04112397,
GP1-001935,BONNEAU PIT,D&S CONSTRUCTION OF PINEVILLE INC,BERKELEY,SAND,SAND,-79.95672476,33.31624909,
GP1-001839,TILLS MINE # 2,TILLS LANDSCAPING & CONSTRUCTION INC,ORANGEBURG,SAND,SAND,-80.85394462,33.41465617,
I-001540,CLARK-ENOREE SAND MINE #1,CLARK BROTHERS FARM LLC,UNION,SAND,SANDRIV,-81.54535849,34.46178912,
I-001756,MT NEBO SAND & CLAY MINE,L & C LAND HOLDINGS INC,LANCASTER,SAND,SANDCLAY,-80.8366699,34.71751139,
I-001747,SMITH MINE,S B TURF & MULCH INC,HORRY,SAND,SAND,-79.0740069,34.03885224,
I-001620,PRINCIP MINE,MURRAY MINES INC,COLLETON,SAND,SAND,-80.41341345,33.0333033,
I-000096,MARLBORO FIELD PLANT,HANSON AGGREGATES SOUTHEAST LLC,MARLBORO,SAND,SAND,-79.73770629,34.61329843,
I-001311,OLD CHARLESTON HWY/I-20,BLUEGRASS MATERIALS COMPANY LLC,LEXINGTON,SAND,SAND,-81.34395775,33.89440718,
I-000162,KINGS CREEK MINE,INDUSTRIAL MINERALS INC,CHEROKEE,SER,SER,-81.43465962,35.07042234,
GP1-002175,AKGO SAND MINE,AKGO LLC,CHARLESTON,SAND,SAND,-80.10308049,32.7313681,
I-001380,JOANNA QUARRY,VULCAN CONSTRUCTION MATERIALS LLC,LAURENS,GRANITE,GRANITE,-81.78322986,34.41905774,
I-001870,CRYSTAL LAKES,CRYSTAL MINERALS MINE LLC,DORCHESTER,SAND,SANDCLAY,-80.49246912,33.08876708,
I-001398,MIXSON MINE,MEM LCC,DORCHESTER,SAND,SANDCLAY,-80.46997803,33.08159353,
I-002002,A&A MINE,A&A STRUCTURAL FILL,FLORENCE,SAND,SANDCLAY,-79.65516586,33.92525508,
I-002252,HERNDON MINE,G L WILLIAMS LANDSCAPING INC,AIKEN,SAND,SANDCLAY,-81.78468679,33.46370907,
I-000565,MADDEN-KERNELLS MINE,SPECIALTY VERMICULITE LLC,LAURENS,VERM,VERM,-82.13514085,34.3579063,
I-000601,HAILE GOLD MINE,HAILE GOLD MINE INC,LANCASTER,GOLD,GOLD,-80.54094232,34.58022813,
I-000630,INMAN QUARRY,INMAN STONE CO INC ,SPARTANBURG,GRANITE,GRANITE,-82.07925299,35.07169672,
I-000648,JOHNSONVILLE PLANT,AMERICAN MATERIALS COMPANY LLC,FLORENCE,SAND,SAND,-79.52003532,33.84717097,
I-000665,PIEDMONT SAND,B V HEDRICK GRAVEL & SAND COMPANY,CHESTERFIELD,SAND,SAND,-80.31368496,34.75010559,
I-001769,SANDHILL MINE,D&A LLC,DORCHESTER,SAND,SANDCLAY,-80.39329297,33.16164505,
GP1-002081,GOODSON/FRIENDFIELD PIT,RE GOODSON CONSTRUCTION CO INC,FLORENCE,SAND,SAND,-79.65763836,33.92649206,
GP1-002250,BARNWELL MINE,ROBERT COLLINS COMPANY LLC,BARNWELL,SAND,SAND,-81.28193846,33.28868209,
I-002210,CREEKSIDE OF YORK COUNTY INC,CREEKSIDE OF YORK COUNTY INC,YORK,SAND,SANDCLAY,-80.93584843,34.84794173,
GP1-002247,BORROW PIT,HARDROCK AGGREGATES LLC,OUT OF STATE,SAND,SAND,-81.03336315,34.79608608,
GP1-002269,W SANDS LLC MINE,W SANDS LLC,HORRY,SAND,SAND,-79.16387543,34.15347456,
I-002248,SPRING GROVE MINE,WILEY FORK SPRING GROVE LLC,CHARLESTON,SAND,SAND,-80.31328723,32.74268071,
I-002119,HYDE PARK MINE,WILLIAM CHRISTOPHER,CHARLESTON,SAND,SAND,-80.25743714,32.8146063,
I-000802,ORANGEBURG QUARRY,MARTIN MARIETTA MATERIALS INC,ORANGEBURG,LIME,LIME,-80.25038466,33.35115907,
GP1-001187,HWY 90 PIT MINE,SOUTHERN ASPHALT INC,HORRY,SAND,SAND,-78.76147107,33.85872101,
I-001849,CANAL LAKES MINE,GRAMLING BROTHERS REAL ESTATE & DEVELOPM,BERKELEY,SAND,SAND,-80.09038828,33.13225771,
GP1-002062,SCOTT POTTER MINE,SCOTT E POTTER,HORRY,SAND,SAND,-78.86457404,33.83867097,
I-000071,SHADE MINE,PIEDMONT INDUSTRIAL MINERALS LLC,AIKEN,CLAY,KAOLIN,-81.62463233,33.63651565,
I-000090,BROWNSVILLE PLANT,HANSON AGGREGATES SOUTHEAST LLC,MARLBORO,SAND,SAND,-79.66217825,34.43974836,
I-000095,MARLBORO PLANT,HANSON AGGREGATES SOUTHEAST LLC,MARLBORO,SAND,SAND,-79.74826242,34.58440716,
I-000099,NORTH COLUMBIA QUARRY,MARTIN MARIETTA MATERIALS INC,RICHLAND,GRANITE,GRANITE,-81.11348131,34.11103183,
I-000102,CAYCE QUARRY,MARTIN MARIETTA MATERIALS INC,LEXINGTON,GRANITE,GRANITE,-81.04789091,33.96843143,
I-000104,ROCK HILL QUARRY,MARTIN MARIETTA MATERIALS INC,YORK,GRANITE,GRANITE,-81.00875883,34.89276052,
GP1-001831,SKI LAKES,GRAMLING BROTHERS REAL ESTATE & DEVELOPM,BERKELEY,SAND,SAND,-80.08233831,33.14677446,
I-000483,WHITS PIT,WHITFIELD COMPANY THE,BERKELEY,SAND,SAND,-80.1678938,33.05936773,
I-001382,NEAL SHOALS MINE #1382,MCINTYRE SAND COMPANY INC,UNION,SAND,SANDRIV,-81.44983396,34.66553184,
I-001414,CLINTON QUARRY,HANSON AGGREGATES SOUTHEAST LLC,LAURENS,GRANITE,GRANITE,-81.80277725,34.51489795,
I-001429,ST. MATTHEWS CLAY MINE,GIANT CEMENT COMPANY,CALHOUN,CLAY,CLAY,-80.73784661,33.68832978,
I-000592,INDUSTRIAL PARK MINE,JOHN W CONDER EASTERN LAND & TIMBER,KERSHAW,SAND,SAND,-80.71087997,34.20832289,
I-000595,SPRINGROVE MINES,REPUBLIC SERVICES OF SOUTH CAROLINA LLC,CHARLESTON,SAND,SAND,-80.09166913,32.95498548,
I-000644,LADSON FARMS,LJ INC,CHARLESTON,SAND,SAND,-80.14337191,33.00625757,
I-001968,HUTTO MINE,HUTTO BROTHERS PROPERTIES LLC,ORANGEBURG,LIME,LIME,-80.41927832,33.2909749,
I-000707,PEE DEE MINE,AMERICAN MATERIALS COMPANY LLC,MARION,SAND,SAND,-79.27107853,33.82413532,
I-000988,CITY OF NORTH AUGUSTA CLAY PIT,CITY OF NORTH AUGUSTA,AIKEN,SAND,SAND,-81.94108523,33.51041293,
I-000997,WINBURN,J L ANDERSON CO INC,CHESTERFIELD,CLAY,KAOLIN,-80.0574133,34.49582891,
I-001017,C. CASEY MINE,SPECIALTY VERMICULITE LLC,SPARTANBURG,VERM,VERM,-81.86898675,34.6807016,
I-001046,BUCK MINE,CAVU INC,HORRY,SAND,SAND,-79.15780341,33.84541581,
GP1-002176,D & S SAND MINE,MABRY LAND DEVELOPMENT LLC,CHARLESTON,SAND,SAND,-80.14372292,32.73481468,
GP1-002219,BOYCE PIT,PALMETTO CONCRETE & COMPANY LLC,DARLINGTON,SAND,SAND,-79.85927962,34.23714753,
GP1-002241,OLD SOUTH RIVER PIT,OLD SOUTH MATERIALS LLC,UNKNOWN,SAND,SAND,-81.11549276,33.60057573,
GP1-002253,JENKINS MINE,JH HIERS CONSTRUCTION LLC,CHARLESTON,SAND,SAND,-80.14727995,32.63260441,
I-001129,CHICKEN FARM MINE,THREE OAKS CONTRACTORS INC ,CHARLESTON,SAND,SAND,-80.05244557,32.68950031,
I-001142,APAC MINE,G L WILLIAMS LANDSCAPING INC,AIKEN,SAND,SAND,-81.70837614,33.61326752,
I-001159,BEAN PIT,CHARLESTON COUNTY PUBLIC WORKS DEPARTMEN,CHARLESTON,SAND,SAND,-79.69232696,32.9282328,
GP1-002056,NORTHERN DIRT PIT,SITEWORK CONSTRUCTION & MANAGEMENT LLC,BERKELEY,SAND,SAND,-79.86719725,32.96028051,
I-002053,WINNSBORO QUARRY,WINNSBORO CRUSHED STONE LLC,FAIRFIELD,GRANITE,GRANITE,-81.05473518,34.33864322,
I-002249,LEVY SAND SURFACE MINE,PRITCHARD FARM LLC,JASPER,SAND,SANDCLAY,-81.05901644,32.20410559,
I-000010,SHULER MINE #2,AMERICAN MATERIALS COMPANY LLC,LEXINGTON,SAND,SAND,-81.14840978,33.88690556,
I-000054,HOLLY HILL QUARRY,HOLCIM US INC,ORANGEBURG,LIME,LIME,-80.42826437,33.27699681,
I-000062,PACOLET QUARRY,VULCAN CONSTRUCTION MATERIALS LLC,SPARTANBURG,GRANITE,GRANITE,-81.78237713,34.91176513,
I-000078,MINE #4-A,OKEETEE CLUB,JASPER,SAND,SAND,-80.98776009,32.41714566,
I-000098,BERKELEY QUARRY,MARTIN MARIETTA MATERIALS INC,BERKELEY,LIME,LIME,-80.23172957,33.35052686,
GP1-001784,SLATER MINE,DARRELL THOMAS JOHNSON JR,JASPER,SAND,SAND,-80.96847082,32.60147763,
I-001624,HEWITT ROAD MINE,A O HARDEE & SON INC,HORRY,SAND,SANDCLAY,-78.83968972,34.02297907,
GP1-001680,SPRING HILL MINE,DOUBLE B CONSTRUCTION,JASPER,SAND,SAND,-80.94195493,32.5169123,
GP1-002258,HARDWICK MINE,G&G MINING CO LLC,HORRY,SAND,SAND,-79.03801486,34.00572211,
I-000538,MANNING,MERIDIAN BRICK LLC,RICHLAND,SHALE,SHALE,-81.08530239,34.08585045,
I-000718,FRICK MINE,WILSON SAND COMPANY LLC,LEXINGTON,SAND,SAND,-81.43929428,33.81388155,
GP1-001964,BAILEY FARMS,BAILEY FARMS,CHEROKEE,SAND,SAND,-81.53119749,35.12783222,
I-000949,WERTS DRIVE IN,WERTS EQUIPMENT RENTAL INC,AIKEN,SAND,SAND,-81.91432686,33.48078326,
I-001069,MCCURRY PIT,ARGOS CEMENT LLC HARLEYVILLE CEMENT PLAN,CALHOUN,CLAY,CLAY,-80.55386731,33.58644967,
GP1-002251,BO BO PIT,LANE J MICHAEL,COLLETON,SAND,SAND,-80.6864818,32.94797736,
I-002246,BASS MILL,RE GOODSON CONSTRUCTION CO INC,DILLON,SAND,SANDCLAY,-79.44112453,34.308717,
I-002171,ANDREWS QUARRY,AMERICAN MATERIALS COMPANY LLC,WILLIAMSBURG,LIME,LIME,-79.64119431,33.48936803,
GP1-002240,B&K PINE LOG MINE,B&K GRADING AND PAVING LLC,AIKEN,SAND,SAND,-81.8363528,33.39553523,
GP1-002165,HULETT FISH POND MINE,ACTION SERVICES INC,BERKELEY,SAND,SAND,-80.2468891,33.24443936,
I-001139,COLUMBIA SAND MINE,HANSON AGGREGATES SOUTHEAST LLC,LEXINGTON,SAND,SAND,-81.10628102,33.85429246,
I-001161,GORETOWN MINE,SC ROCK LLC,HORRY,LIME,LIME,-78.79943897,34.01674288,
GP1-002141,FORESTRY PRODUCT PIT MINE,FORESTRY PREDICTIONS LLC,WILLIAMSBURG,SAND,SAND,-79.86816308,33.63978167,
I-001239,MILES MINING OF LUGOFF,TURTLE CREEK FARM LP,KERSHAW,SAND,SANDCLAY,-80.67627134,34.18794405,
GP1-001248,TRASK MINE,FREDERICK G TRASK,BEAUFORT,SAND,SAND,-80.64955708,32.45117121,
I-001265,ROGERS SAND MINE,JULE ROGERS,YORK,SAND,SAND,-81.09291788,34.90002886,
GP1-001998,L&L DORCHESTER RD MINE,L&L CONTRACTORS INC,DORCHESTER,SAND,SAND,-80.234669,32.97393222,
GP1-002148,EDGEWOOD MINE,BEN COX LLC,GEORGETOWN,SAND,SAND,-79.35219296,33.34702564,
I-000129,DREYFUS QUARRY,VULCAN CONSTRUCTION MATERIALS LLC,RICHLAND,GRANITE,GRANITE,-81.1184105,34.12295983,
I-000150,COLUMBIA MINE,US SILICA COMPANY-COLUMBIA PLANT,LEXINGTON,SAND,SAND,-81.1777894,33.89236058,
I-000199,GROVER MINE,TAYLOR CLAY PRODUCTS COMPANY INC,CHEROKEE,SHALE,MANG,-81.42137476,35.13327881,
I-000222,G&G MINE,G&G MINING CO LLC,HORRY,LIME,COQ,-79.16446172,33.84170662,
I-001896,EDGEFIELD LAND RESOURCES LLC MINE,BLUEGRASS MATERIALS COMPANY LLC,EDGEFIELD,GRANITE,GRANITE,-81.89430431,33.75660706,
GP1-001802,HOFFMEYER MINE,PALMETTO PAVING CORPORATION,DARLINGTON,SAND,SAND,-79.91953593,34.22340278,
GP1-002271,GREEN HILL ROAD SAND MINE,TRIP CONSTRUCTION COMPANY INC,KERSHAW,SAND,SAND,-80.73209808,34.17514361,
I-001572,DORCHESTER MINE,WELBYS CONSTRUCTION MATERIALS LLC,DORCHESTER,SAND,SANDCLAY,-80.40372995,33.09915228,
I-000545,CONGAREE SAND PIT,JORDAN COMPANY INC,RICHLAND,SAND,SAND,-80.99037022,33.94010045,
GP1-001944,TILLIE-KINARD MINE,BLACKWATER SAND COMPANY LLC,COLLETON,SAND,SAND,-80.7024996,32.96051045,
I-000646,SMG  INC. PIT,SUMTER COUNTY SAND,SUMTER,SAND,SAND,-80.4773262,33.94850834,
I-002170,DLI PLANTATION EGERIA MINE,DORCHESTER LOGISTICS INC,DORCHESTER,SAND,SANDCLAY,-80.34932688,33.19648374,
I-000946,STROUD MINE,LANIER CONSTRUCTION COMPANY INC,LEXINGTON,SAND,SAND,-81.0837032,33.87334371,
I-000959,GRESHAM,MARION HOLDINGS LLC,DILLON,SAND,SAND,-79.37184612,34.45889948,
I-002197,BELLINGER HILL SAND SURFACE MINE,LANYARD DEVELOPMENT INC,JASPER,SAND,SANDCLAY,-81.01934983,32.15961133,
I-002191,ANTIOCH FARMS SAND MINE,ANTIOCH FARM LLC,HORRY,SAND,SANDCLAY,-78.96715853,34.00094148,
GP1-002194,THE DOUBLE H MINE,H & H DEVELOPERS LLC,AIKEN,SAND,SAND,-81.68276951,33.62901317,
I-002213,MCKITTRICK MINE,SPECIALTY VERMICULITE LLC,LAURENS,VERM,VERM,-81.92889974,34.53275905,
I-002264,PATRIOT MINE,INDEPENDENCE PROPERTIES LLC/RABON PROPER,SUMTER,SAND,SANDCLAY,-80.50513224,33.94461609,
I-000810,MARTIN MINE,GENERAL SHALE BRICK INC,CHEROKEE,SHALE,MANG,-81.49839926,35.08677817,
I-000831,CALLOWAY PIT,MCCUTCHENS FARM,CLARENDON,SAND,SAND,-80.23589824,33.75321741,
I-001107,SEA MIST,C L BENTON & SONS INC,HORRY,SAND,SAND,-79.03539178,33.696903,
GP1-002087,502 SC HWY 28 BY-PASS MINE,WILLIAM EPSTEIN,ANDERSON,SAND,SAND,-82.66946249,34.4875877,
GP1-002179,STORM BRANCH MINE,DIXIE SAND & GRAVEL LLC,AIKEN,SAND,SAND,-81.88445393,33.47117456,
I-001136,LAUGHLIN WEST MINE,KAMIN LLC,AIKEN,CLAY,KAOLIN,-81.605957,33.63167063,
I-001155,MUNDY BORROW PIT,MUNDY CONSTRUCTION INC,AIKEN,SAND,SAND,-81.89751544,33.46561947,
I-002188,PALMETTO MINE,PALMETTO SAND CO INC,COLLETON,SAND,SAND,-80.43966962,33.03370276,
I-001252,CANDY BRANCH,CONFEDERATE MINING COMPANY INC,ABBEVILLE,GOLD,GOLD,-82.34461983,34.07345131,
I-001276,YEA YEA MINE,R B COX TRUST,RICHLAND,SAND,SAND,-80.77659947,34.1114437,
I-000064,LAKESIDE QUARRY,VULCAN CONSTRUCTION MATERIALS LLC,GREENVILLE,GRANITE,GRANITE,-82.44099135,34.76938023,
I-001765,RICHARDSON MINE,AMERICAN MATERIALS COMPANY LLC,MARION,SAND,SAND,-79.3616093,33.86835862,
I-002222,MUDVILLE,MUDVILLE INVESTMENTS LLC,BERKELEY,SAND,SANDCLAY,-80.19683369,33.2515737,
I-000271,BREWER SAND PIT #2,HANSON AGGREGATES SOUTHEAST LLC,CHESTERFIELD,SAND,SAND,-80.3321977,34.69996782,
I-000272,COUNTY PIT,CHESTERFIELD COUNTY,CHESTERFIELD,SAND,SAND,-80.09499767,34.7200862,
I-000492,SCREAMING EAGLE ROAD PIT,L&L DISPOSAL LLC,KERSHAW,SAND,SAND,-80.75605514,34.10390343,
I-001410,MCBRIDE MINE,J L ANDERSON CO INC,CHESTERFIELD,CLAY,KAOLIN,-79.9563839,34.57468587,
GP1-002142,DONMAR MINE,DONMAR SAND MINES LLC,BERKELEY,SAND,SAND,-79.8211673,33.00590328,
GP1-002276,KAHM INGRAM MINE,KAHM FARMS LLC,HORRY,SAND,SAND,-79.22416421,33.8088207,
GP1-002282,255 HAIG POINT ROAD MINE,DSMS INC,BEAUFORT,SAND,SAND,-80.88472208,32.11270155,
I-002284,BRYANS DAIRY RD,PERFECT ISLAND LLC,CHARLESTON,SAND,SAND,-80.05859539,32.65765112,
GP1-002275,HOLMES MINE,PALMETTO CORP OF CONWAY,HORRY,SAND,SAND,-78.81112723,33.8410288,
GP1-002281,PINELAND FARM MINE,SANDRIDGE ROAD HOLDINGS LLC,DORCHESTER,SAND,SAND,-80.40604458,33.13280794,
GP1-002286,TOMMYâ€™S POND,JGW CONSTRUCTION LLC,COLLETON,SAND,SAND,-80.69765308,33.00316195,
I-000947,BLEDSOE,B&T SAND COMPANY INC,LEXINGTON,SAND,SAND,-81.25225775,33.93713647,
I-000951,OWENS PIT,C OWENS & SON INC,HORRY,SAND,SAND,-79.01249557,33.67174056,
I-000969,F.T. WILLIAMS MINE,B V HEDRICK GRAVEL & SAND COMPANY,CHESTERFIELD,SAND,SAND,-80.30232809,34.73498507,
I-002012,ROSEIDA MINE,BEACHWOOD MOBILE HOME ESTATES LLC,BEAUFORT,SAND,SAND,-80.73541727,32.45026633,
I-002036,EDWINS MINE,MARK EDWINS,BERKELEY,SAND,SANDCLAY,-80.29084016,33.20570786,
I-000992,TAYLORS SAND,STRANGE BROTHERS GRADING CO INC,GREENVILLE,SAND,SANDRIV,-82.30396106,34.92184215,
I-001006,AIKEN MINE,WILSON SAND COMPANY LLC,AIKEN,SAND,SAND,-81.43424229,33.74973077,
I-001031,BIG OAK MINE,SANDERS BROTHERS CONSTRUCTION COMPANY,DORCHESTER,SAND,SAND,-80.41265558,33.06599383,
GP1-002200,LINDLER MINE,LINDLERS CONSTRUCTION OF SOUTH CAROLINA,NEWBERRY,SAND,SAND,-81.53574422,34.34355683,
GP1-002229,GASTER MINE,GASTERS GRADING CO INC,FLORENCE,SAND,SAND,-79.71271918,34.24872204,
GP1-002239,PLOW GROUND ROAD MINE,MORGAN CONTRACTING SERVICES LLC,CHARLESTON,SAND,SAND,-80.02924964,32.71437059,
I-001118,BOYD-WHITMORE MINE,SPECIALTY VERMICULITE LLC,SPARTANBURG,VERM,VERM,-81.87179265,34.59808906,
I-002186,ORANGEBURG MINE,OLD SOUTH MATERIALS LLC,ORANGEBURG,SAND,SAND,-80.81795022,33.57250067,
I-001212,PRESTRESS MINE,SOUTHEASTERN SAND LLC,FLORENCE,SAND,SAND,-79.8216484,33.9880396,
I-001635,CHALK BED MINE,G L WILLIAMS LANDSCAPING INC,AIKEN,SAND,SANDCLAY,-81.84797354,33.5663115,
GP1-001897,HIDDEN SPRINGS MINE,LONG POND PROPERTIES LLC,LEXINGTON,SAND,SAND,-81.27274655,33.93339908,
I-001310,NEW OCONEE CAMP,LOST DUTCHMANS MINING ASSOCIATION,OCONEE,GOLD,GOLD,-83.05923353,34.92576145,
I-000093,JEFFERSON QUARRY,HANSON AGGREGATES SOUTHEAST LLC,CHESTERFIELD,GRANITE,GRANITE,-80.45856303,34.69029998,
I-001328,SALUDA RIVER SITE,SANDSMITH LLC,ANDERSON,SAND,SANDRIV,-82.46379365,34.73212736,
I-001857,WHITE DOAR MINE,JKP AWENDAW LLC,CHARLESTON,SAND,SAND,-79.63856323,32.99986607,
I-000110,HARLEYVILLE QUARRY,ARGOS CEMENT LLC HARLEYVILLE CEMENT PLAN,DORCHESTER,LIME,LIME,-80.45245425,33.22936343,
I-001929,LIVE OAK TERRACE,HOW COX LLC,GEORGETOWN,SAND,SANDCLAY,-79.3343924,33.41290687,
I-000152,EUREKA MINE,G L WILLIAMS LANDSCAPING INC,AIKEN,SAND,SAND,-81.76706679,33.70092488,
I-000206,JAMISON,ARGOS CEMENT LLC HARLEYVILLE CEMENT PLAN,ORANGEBURG,CLAY,CLAY,-80.8017249,33.58074851,
I-000230,TIMMERMAN SAND PIT,SATTERFIELD CONSTRUCTION COMPANY INC,AIKEN,SAND,SAND,-81.77620634,33.68762398,
GP1-002199,ST. PAUL PIT MINE,HMH MINING LLC,KERSHAW,SAND,SAND,-80.64796325,34.29754956,
I-000314,KINSEY-BLAKE BORROW PIT,CHARLESTON COUNTY PUBLIC WORKS DEPARTMEN,CHARLESTON,SAND,SAND,-80.08585111,32.74110399,
I-000349,BRUNSON MINE,INDUSTRIAL PAVING INC,DARLINGTON,SAND,SAND,-79.82661899,34.28415177,
GP1-001939,COMBINED TRAINING FACILITY BORROW SITE,PICKENS COUNTY OF,PICKENS,SAND,SAND,-82.66240086,34.82988106,
GP1-001366,SHILOH HEIGHTS,TOBY MARKS DEVELOPMENT INC,AIKEN,SAND,SAND,-81.71199208,33.59664976,
GP1-002103,GASKINS ROAD BORROW PIT,TIGER EYE HOLDINGS LLC,SPARTANBURG,SAND,SAND,-81.90379426,34.90266949,
GP1-002215,NORTH MINE,ORANGEBURG COUNTY,ORANGEBURG,SAND,SAND,-81.02854748,33.62290198,
I-000404,KERSHAW QUARRY,GEORGIA STONE INDUSTRIES INC,KERSHAW,GRANITE,GRANITE,-80.63285866,34.47067381,
I-000412,HARTZOG PIT,R WHALEY DURR HARTZOG PIT,DORCHESTER,SAND,SAND,-80.69015776,33.15165276,
I-001337,BIRD MOUNTAIN MINE,V M HENSON & BOBBY JENKINS,SPARTANBURG,SAND,SOIL,-82.21311093,35.18832248,
GP1-001980,KNIGHT STREET,FURR GRADING AND PAVING INC,CHESTERFIELD,SAND,SAND,-79.91577854,34.71227149,
I-000134,GREENWOOD QUARRY,VULCAN CONSTRUCTION MATERIALS LLC,GREENWOOD,GRANITE,GRANITE,-82.14159595,34.29452242,
I-001801,BLAIR SCE&G MINE,NEWBERRY SAND INC,FAIRFIELD,SAND,SANDRIV,-81.39416219,34.3904547,
I-001919,HOPWOOD MINE,MITCHELL BROTHERS INC,BEAUFORT,SAND,SAND,-80.65178384,32.47587559,
I-001419,WINGO,SPECIALTY VERMICULITE LLC,LAURENS,VERM,VERM,-81.94257816,34.5169745,
I-001435,BAILEY MINE,BARRY E BAILEY,CHEROKEE,SAND,SANDRIV,-81.54701706,35.12832576,
I-000502,SANDY FLAT QUARRY,HANSON AGGREGATES SOUTHEAST LLC,GREENVILLE,GRANITE,GRANITE,-82.34303585,35.00392351,
I-001715,POWDER HORN MINE,WELBYS CONSTRUCTION MATERIALS LLC,DORCHESTER,SAND,SANDCLAY,-80.42645186,33.10120582,
GP1-001363,GOODSON/CAROLINA FOREST BLVD,RE GOODSON CONSTRUCTION CO INC,HORRY,SAND,SAND,-78.89316996,33.76114589,
GP1-002066,STORY TELLER MINE,STATION CREEK COMPANY INC,BEAUFORT,SAND,SAND,-80.6033767,32.35145194,
I-000418,CAINS MILL MINE,DYSON LANDSCAPING LLC,SUMTER,SAND,SAND,-80.3914111,33.86164486,
I-000424,ANDERSON QUARRY,HANSON AGGREGATES SOUTHEAST LLC,ANDERSON,GRANITE,GRANITE,-82.62856029,34.43224472,
GP1-001690,BUCK CORLEY MINE,JC WILKIE CONSTRUCTION LLC,LEXINGTON,SAND,SAND,-81.24296012,33.92191724,
I-001678,POPLAR GROVE,COUNTY LINE INVESTORS,DORCHESTER,SAND,SOIL,-80.19614068,32.8313601,
GP1-001694,CEDAR HILL MINE,D & S CONSTRUCTION OF PINEVILLE INC,BERKELEY,SAND,SAND,-79.93293711,33.37233364,
I-001564,LISTER ROAD BORROW SITE,W/C GSP LOT 3 OWNER VIII LLC,SPARTANBURG,SAND,SANDCLAY,-82.17843513,34.94443502,
I-001812,THOMPSON MINE,SPECIALTY VERMICULITE LLC,SPARTANBURG,VERM,VERM,-81.96686723,34.69995047,
I-001492,HPT/BINLAW MINE,PALMETTO SAND CO INC,DORCHESTER,SAND,SAND,-80.37672909,32.93190718,
I-001490,VANNESS,ROBERT COLLINS COMPANY LLC,CHARLESTON,SAND,SANDCLAY,-80.26216457,32.733706,
GP1-001562,CATES BAY HWY MINE,D & L SITEWORK INC,HORRY,SAND,SAND,-79.22050746,33.79522477,
I-001614,MILL POND MINE,BERKELEY MINING & CONSTRUCTION CORP,DORCHESTER,SAND,SAND,-80.49481177,33.0971636,
GP1-001449,METTS CLAY MINE,METTS CONSTRUCTION INC,NEWBERRY,SAND,SAND,-81.39337894,34.18768723,
I-001474,OSPREY MINERALS MINE,OSPREY SANDS LLC,CHESTERFIELD,SAND,SAND,-80.27005283,34.69939382,
I-000060,LIBERTY QUARRY,VULCAN CONSTRUCTION MATERIALS LLC,PICKENS,GRANITE,GRANITE,-82.66379286,34.80953182,
I-000074,RANDALL MINE,VANDERBILT MINERALS LLC DIXIE CLAY DIVIS,AIKEN,CLAY,KAOLIN,-81.78000355,33.50927238,
I-000089,BLANEY PLANT,COVIA HOLDINGS CORPORATION,KERSHAW,SAND,SAND,-80.71985131,34.17592328,
I-001332,PAGELAND SAND MINE #3,PAGELAND SAND COMPANY INC,CHESTERFIELD,SAND,SAND,-80.29045258,34.71682173,
GP1-001777,STROUD AND SON 265 MINE,JOHN F STROUD & SON INC,CHESTERFIELD,SAND,SAND,-80.21556327,34.72665341,
GP1-002113,BERRY MINE,DILLON COUNTY,DILLON,SAND,SAND,-79.37706689,34.49604019,
GP1-002123,LEMPA MINE,PETER NASH,CALHOUN,SAND,SAND,-80.57000682,33.56847797,
GP1-002129,FOREMAN PITT MINE,CHARLES K FOREMAN,AIKEN,SAND,SAND,-81.68855888,33.56177621,
GP1-002128,DONMAR MINE,DONMAR SAND MINES LLC,BERKELEY,SAND,SAND,-79.81666251,33.00906242,
GP1-002134,STANCAR MINE,ANDREW J HARDMAN LLC,CHARLESTON,SAND,SAND,-80.01772657,32.68823968,
I-002157,SQUAW VALLEY MINE,GLENN FOREST PRODUCTS INC DBA GLENN SAND,CHEROKEE,SAND,SANDRIV,-81.61308179,35.15268139,
I-000403,MOBLEY ROAD MINE,CAROLINA CERAMICS LLC,RICHLAND,SHALE,SHALE,-80.86492113,34.25688155,
I-000451,PARDUE MINE,VANDERBILT MINERALS LLC DIXIE CLAY DIVIS,AIKEN,CLAY,KAOLIN,-81.83868666,33.55815548,
GP1-001748,OLD POND SAND MINE,OLD POND LLC,CHARLESTON,SAND,SAND,-80.09373027,32.76817545,
I-000587,LYMAN QUARRY,VULCAN CONSTRUCTION MATERIALS LLC,SPARTANBURG,GRANITE,GRANITE,-82.12690478,35.00455892,
GP1-001476,ALFORD MINE,ALFORD & COMPANY,HORRY,SAND,SAND,-78.95338401,34.04824425,
I-001489,ADRIAN MINE,HOT MIX INC,HORRY,SAND,SAND,-79.00114121,33.95222522,
I-001723,BLACK CREEK SAND MINE,AMERICAN MATERIALS COMPANY LLC,CHESTERFIELD,SAND,SAND,-80.28164651,34.72170479,
GP1-002255,STONECREST MINE,BHC TRUCKING INC,GREENWOOD,SAND,SAND,-82.07829357,34.21811988,
I-000870,RIDGEVILLE MINE,D&A LLC,DORCHESTER,CLAY,CLAY,-80.31109718,33.1093152,
I-000898,TNT SAND MINE,TNT SANDS INC,RICHLAND,SAND,SAND,-80.78150723,34.11112943,
I-002100,WAY MINE,G5 LLC,DORCHESTER,SAND,SANDCLAY,-80.42034026,33.12811542,
GP1-002101,INGRAM PIT MINE,AMERICAN MATERIALS COMPANY LLC,HORRY,SAND,SAND,-79.24142813,33.83206405,
GP1-002288,WRAGG BARONY POWERLINE MINE,WILEY FORK WATSON HILL LLC,CHARLESTON,SAND,SAND,-80.19694373,32.90806509,
I-001606,RANCHO ROAD PIT,BROCKS HAULING & CONSTRUCTION,DARLINGTON,SAND,SANDCLAY,-80.18647015,34.39556916,
I-001601,BURKE MINE,BURKE COMPANY,LEE,SAND,SAND,-80.17644042,34.00561038,
GP1-002208,CARNER / CALL 2 HAUL MINE,CALL 2 HAUL TRUCKING LLC,COLLETON,SAND,SAND,-80.48612223,33.04256575,
I-001908,ST. JOHNS LAKE MINE,LENNAR CAROLINAS LLC,CHARLESTON,SAND,SAND,-80.0945474,32.75381012,
GP1-001918,PEE DEE CROSSROADS,D & L SITEWORK INC,HORRY,SAND,SAND,-79.2448855,33.83618886,
I-001729,TOMMY MINE,G5 LLC,DORCHESTER,SAND,SANDCLAY,-80.40539647,33.13873099,
I-001810,FAIR VIEW MINE,VULCAN CONSTRUCTION MATERIALS LLC,FAIRFIELD,GRANITE,GRANITE,-81.39286081,34.41094969,
GP1-002009,HAWKSBILL MINE,HOT MIX INC,HORRY,SAND,SAND,-78.84167871,34.02630542,
GP1-001976,USRY'S FARM,USRY'S FARM COMPANY,AIKEN,SAND,SAND,-81.85980193,33.55482423,
I-000187,BROAD RIVER MINE,MERIDIAN BRICK LLC,RICHLAND,SHALE,SHALE,-81.07121064,34.06027889,
I-002059,SAUNDERS MINE,JR WILSON CONSTRUCTION CO INC,COLLETON,SAND,SANDCLAY,-80.70750044,32.92595391,
GP1-001868,STONE MINE,STONE CONSTRUCTION LLC,GEORGETOWN,SAND,SAND,-79.47,33.31701662,
I-001539,COASTAL MINING TRACT MINE,PETER J KUHNS,COLLETON,SAND,SANDCLAY,-80.46835803,33.05531517,
I-000466,PEE DEE,FURR GRADING AND PAVING INC,CHESTERFIELD,SAND,SAND,-79.87927594,34.58582206,
I-000467,CANNON SPRING MINE,KAHM FARMS LLC,HORRY,SAND,SANDCLAY,-79.21173732,33.81685281,
I-000471,LOCKHART MINE,SLOAN CONSTRUCTION COMPANY INC,UNION,SAND,SANDRIV,-81.47050736,34.81031824,
I-002074,PIERCE ROAD MINE,BCC MINING LLC,COLLETON,SAND,SAND,-80.41629737,33.01418952,
I-002082,YEARGIN MINE,INMAN STONE CO INC ,UNION,SAND,SANDRIV,-81.63528905,34.87874003,
I-002127,GREEN BAY 2 MINE,O L THOMPSON CONSTRUCTION CO INC,CHARLESTON,SAND,SANDCLAY,-79.74319562,33.0023864,
GP1-002189,JORDAN MINE,MORRIS JORDAN,HORRY,SAND,SAND,-79.21668464,33.82072622,
I-002070,DARRAGH MINE,BHC TRUCKING INC,GREENWOOD,SAND,SANDCLAY,-82.22531295,34.14742139,
I-001071,NETTLES PIT #2,JH HIERS CONSTRUCTION LLC,COLLETON,SAND,SAND,-80.61471828,32.96062265,
I-001072,PRINCETON QUARRY,VULCAN CONSTRUCTION MATERIALS LLC,GREENVILLE,GRANITE,GRANITE,-82.30754493,34.55631761,
I-001985,SILVER MINE TWO,G5 LLC,DORCHESTER,SAND,SANDCLAY,-80.41778801,33.1038776,
I-000763,AIKEN QUARRY,MARTIN MARIETTA MATERIALS INC,AIKEN,GRANITE,GRANITE,-81.86567131,33.57799671,
I-001696,LEGARE CREEK PLANTATION MINE,HENRIETTA SANDERS LLC & WEST BANK PLANTA,CHARLESTON,SAND,SAND,-80.24271988,32.58623088,
GP1-001966,BENWOOD FARM MINE,MARK BOYER,CHARLESTON,SAND,SAND,-80.08130143,32.75146163,
I-001056,LEES LANDING CIRCLE MINE,ARCHIE BELL CONSTRUCTION INC,HORRY,SAND,SANDCLAY,Not Specified,33.82705314,
GP1-002110,RED BLUFF MINE,ST LAURENT PROPERTIES LLC,GEORGETOWN,SAND,SAND,-79.41178181,33.37264527,
I-002130,BELL FORD MINE,BELL FORD LAND COMPANY INC,GEORGETOWN,SAND,SANDCLAY,-79.38814562,33.35093179,
GP1-002108,CUFFY MINE SITE,J SCOTT SANDERS,BEAUFORT,SAND,SAND,-80.60052551,32.34772112,
GP1-002139,MCCLARAN BORROW SITE MINE,KAREN MCCLARAN,GREENVILLE,SAND,SAND,-82.33588339,34.96096408,
GP1-002173,DHK 1 ROGERS RD MINE,DHK DEVELOPMENT LLC,DARLINGTON,SAND,SAND,-79.86424678,34.25283291,
I-002144,RED BLUFF ROCK MINE,RED BLUFF ROCK LLC,HORRY,LIME,LIME,-78.84384087,33.90659742,
I-001805,EARLY BRANCH MINE,JR WILSON CONSTRUCTION CO INC,HAMPTON,SAND,SAND,-80.88333306,32.72951639,
GP1-001294,POSTON PIT,L DEAN WEAVER CONSTRUCTION COMPANY INC,FLORENCE,SAND,SAND,-79.66490401,34.16276397,
I-001306,BUFFALO CREEK MINE #1,MARTIN MARIETTA MATERIALS INC,KERSHAW,SAND,SAND,-80.37800282,34.52274621,
I-001246,TOLLY JACK,LIMESTONE PRODUCTS LLC,ORANGEBURG,SAND,SAND,-80.90351787,33.59655941,
I-001264,WALKER MINE,LOWCOUNTRY SAND & GRAVEL INC,COLLETON,SAND,SAND,-80.64081199,32.86296633,
I-001292,I-77 MINE SITE,CORNERSTONE DEVELOPMENT CO,YORK,SAND,SANDCLAY,-80.97696678,34.95337843,
I-001920,ERNEST DRIVE BORROW PIT,ERNEST DRIVE LLC,BEAUFORT,SAND,SAND,-80.56265844,32.38554077,
I-001915,BLACKSBURG QUARRY,SLOAN CONSTRUCTION COMPANY INC,CHEROKEE,GRANITE,GRANITE,-81.53107773,35.14235461,
I-002163,OLD GILLIARD ROAD MINE,ROBERT COLLINS COMPANY LLC,BERKELEY,SAND,SAND,-80.29610494,33.20754909,
GP1-002272,SANTOS FARM,SANTOS EUGENE,CHARLESTON,SAND,SAND,-80.2223155,32.76454299,
I-002290,ELITE SITE SOULUTIONS BORROW PIT,ELITE SITE SOULUTIONS,DILLON,SAND,SAND,-79.44609882,34.38196675,
I-000113,HIGGINS RED CLAY PIT,MERIDIAN BRICK LLC,CHEROKEE,CLAY,CLAY,-81.58589109,35.09498027,
I-000121,LUGOFF SAND MINE,LUGOFF SAND COMPANY INC,KERSHAW,SAND,SAND,-80.70601918,34.17289199,
I-000171,IRBY MINE,J L ANDERSON CO INC,MARLBORO,CLAY,CLAY,-79.85088014,34.69969315,
I-000184,SOX MINE,MERIDIAN BRICK LLC,LEXINGTON,CLAY,KAOLIN,-81.19239281,33.87621259,
I-000242,SALUDA RIVER MINE,COOPER SAND AND GRAVEL COMPANY INC,ANDERSON,SAND,SANDRIV,-82.42069197,34.55942,
I-002184,HILL MINE,SITEWORK CONSTRUCTION & MANAGEMENT LLC,BERKELEY,SAND,SAND,-79.84973441,32.94689203,
I-000684,ASKEW MINE,MCINTYRE SAND COMPANY INC,UNION,SAND,SANDRIV,-81.47444539,34.80782495,
I-001936,BARNHILL MINE,ASHLEY ANDERSON FARMS,HORRY,SAND,SANDCLAY,-78.8667335,33.82658033,
I-000409,GADSON PIT,MERIDIAN BRICK LLC,KERSHAW,CLAY,KAOLIN,-80.73255843,34.09885689,
I-000431,PELHAM STONE MINE,HANSON AGGREGATES SOUTHEAST LLC,SPARTANBURG,GRANITE,GRANITE,-82.19222906,34.86560424,
I-000990,STUKES MINE,STUKES MINING,CLARENDON,SAND,SAND,-80.38979627,33.61552744,
I-001041,HWY 421 NO. 2 MINE,G L WILLIAMS LANDSCAPING INC,AIKEN,SAND,SAND,-81.7882634,33.55690696,
I-001055,HARDEE,LISTON T HARDEE & SON INC,HORRY,SAND,SAND,-78.83662514,34.00060099,
GP1-002084,ARGO MINE,ARGO LAND DEVELOPMENT INC,AIKEN,SAND,SAND,-81.7767039,33.51248914,
I-002114,MILLBROOK MINE,MC DIRT COMPANY LLC,CHARLESTON,SAND,SAND,-80.13112874,32.87751428,
I-001670,CARNES CROSSROADS MINE,CARNES CROSSROADS ASSOCIATES LLC,BERKELEY,SAND,SANDCLAY,-80.10913154,33.06070583,
I-001584,S&T RECYCLING  MINE,S&T RECYCLING LLC,LEXINGTON,SAND,SANDCLAY,-81.19164244,34.00710874,
GP1-001565,PARKER PIT,TED M PARKER,AIKEN,SAND,SAND,-81.6560391,33.67691358,
I-000875,COGDILL & LAWSON MINE,RAY BROWN ENTERPRISES,SPARTANBURG,SAND,SANDRIV,-82.02256019,34.67586893,
I-000924,DOVESVILLE,L H STOKES & SON INC,DARLINGTON,SAND,SAND,-79.9113899,34.39684321,
I-001724,HYDE PARK SOILS MINE,HYDE PARK SOILS LLC,CHARLESTON,SAND,SANDCLAY,-80.25181237,32.82644471,
I-001818,321 MINE,2 COR LLC,LEXINGTON,SAND,SAND,-81.06731939,33.86294958,
I-001097,LEXINGTON COUNTY NO. 1 MINE,SOUTHEASTERN DISPOSAL LLC,LEXINGTON,SAND,SAND,-81.36243668,33.96959135,
GP1-002261,OAK GROVE MINE,CREEKSIDE HOMES LLC,HORRY,SAND,SAND,-79.21855254,33.83939353,
GP1-002064,COUNTY CLUB ROAD P.A.R. MINE A,PAR GRADING AND HAULING INC,SPARTANBURG,SAND,SAND,-81.85495614,34.94149458,
GP1-002207,MILL SWAMP MINE,HORRY LAND SERVICES LLC,HORRY,SAND,SAND,-78.78219,33.86154833,
GP1-002203,PORT CITY SAND MINE,PORT CITY PROPERTY HOLDINGS LLC,BERKELEY,SAND,SAND,-79.7979836,33.02562749,
I-001214,JERRYCO MINE,JERRY N SMITH,SPARTANBURG,SAND,SANDCLAY,-82.13102038,34.90321941,
I-001871,GILBERT DRIVE MINE,WILKIE DEVELOPMENT LLC,FLORENCE,SAND,SOIL,-79.73162551,34.16517408,
I-002016,ANDERSON MINE,WG ANDERSON JR RESIDUAL TRUST,MARION,CLAY,CLAY,-79.49442502,34.23423369,
I-001779,FLORENCE COUNTY MINE,FLORENCE COUNTY,FLORENCE,SAND,SAND,-79.55557743,34.13346954,
GP1-002292,RIDGECUT MINE,AMERICAN ENTERPRISES BEAUFORT LLC,HAMPTON,SAND,SAND,-80.89756852,32.72858154,
I-002228,EDISTO RIVER MINE,MC DIRT COMPANY LLC,COLLETON,SAND,SANDCLAY,-80.41036442,33.01580471,
i-002263,OLD BULAH PLANTATION MINE,WELBYS CONSTRUCTION MATERIALS LLC,DORCHESTER,SAND,SAND,-80.43043733,33.12255427,
I-002270,CHESTER QUARRY,LUCK STONE CORP,CHESTER,GRANITE,GRANITE,-81.14973624,34.72809128,
I-001249,MIDDLETON MINE,MC DIRT COMPANY LLC,DORCHESTER,SAND,SANDCLAY,-80.13820032,32.89112806,
I-002182,PRINGLE MINE,JR WILSON CONSTRUCTION CO INC,DORCHESTER,SAND,SANDCLAY,-80.43008387,33.09355357,
I-000016,DEERFIELD MINE,CEMEX CONSTRUCTION MATERIALS FLORIDA LLC,JASPER,SAND,SAND,-81.0963508,32.38923947,
I-000073,MCNAMEE MINE,VANDERBILT MINERALS LLC DIXIE CLAY DIVIS,AIKEN,CLAY,KAOLIN,-81.85366119,33.4827885,
I-000833,GIDEON,SPECIALTY VERMICULITE LLC,SPARTANBURG,VERM,VERM,-81.88275157,34.62945588,
I-000834,JOHNSON,SPECIALTY VERMICULITE LLC,SPARTANBURG,VERM,VERM,-81.91972626,34.71845561,
I-000869,BLACKSBURG PLANT,THOMAS SAND COMPANY INC,CHEROKEE,SAND,SANDRIV,-81.5184522,35.04997808,
I-000873,FRENCH QUARTER CREEK MINE,D R HORTON INC,BERKELEY,SAND,SAND,-79.80678448,32.9851819,
I-000885,GEORGETOWN II QUARRY,MARTIN MARIETTA MATERIALS INC,BERKELEY,LIME,LIME,-79.65090365,33.27455589,
I-000899,GRESHAM MINE-NECK SAND #2,AMERICAN MATERIALS COMPANY LLC,MARION,SAND,SAND,-79.42039159,33.9210205,
I-000909,CUDD SAND MINE,MCINTYRE SAND COMPANY INC,UNION,SAND,SANDRIV,-81.4763278,34.74899664,
GP1-002268,NEW CUT FARM POND,BLUESTREAM MANAGEMENT LLC,CHARLESTON,SAND,SAND,-80.15755723,32.73057548,
I-001720,STILLFIELD MINE,RGW LLC,BERKELEY,SAND,SANDCLAY,-80.06894362,33.14854106,
I-000280,MARLBORO COUNTY PIT,MARLBORO COUNTY,MARLBORO,SAND,SAND,-79.66505581,34.65041743,
I-000738,RICHARDSON'S MONTICELLO FILL,RICHARDSON CONSTRUCTION COMPANY OF COLUM,RICHLAND,CLAY,CLAY,-81.05478607,34.07669961,
I-000749,HUDGING MINE,SPECIALTY VERMICULITE LLC,LAURENS,VERM,VERM,-82.01006795,34.45064075,
I-000978,PIT 49,G L WILLIAMS LANDSCAPING INC,AIKEN,SAND,SAND,-81.57100497,33.72184435,
I-000556,KERSHAW MINE,GEORGIA STONE INDUSTRIES INC,KERSHAW,GRANITE,GRANITE,-80.68392736,34.49199202,
I-001717,RUNNYMEADE MINE,WHITFIELD COMPANY THE,CHARLESTON,SAND,SAND,-80.11401683,32.87393811,
GP1-001647,HWY 93 MINE,VENESKY ASPHALT PAVING & GRADING LLC,PICKENS,SAND,SAND,-82.64285499,34.81376556,
GP1-002166,MARTIN TRACT MINE,FRAZIER REAL PROPERTIES LP,CHARLESTON,SAND,SAND,-80.2221771,32.76919389,
I-002226,MAXIMUS MINE,HALTER MATTHEW J,DORCHESTER,SAND,SANDCLAY,-80.4011813,33.10119406,
GP1-002273,BACKPEN MINE,KRFS LLC,CHARLESTON,SAND,SAND,-80.11637554,32.74641661,
I-002058,BLUE WATER MINE,WILLIAM LIVINGSTON,HORRY,SAND,SANDCLAY,-78.8432931,33.82963207,
I-002180,PEE DEE CROSSROADS MINE 2,D & L SITEWORK INC,HORRY,SAND,SAND,-79.24244612,33.836377,
I-000050,PEE DEE CERAMICS MINE,MARION CERAMICS INC,MARION,CLAY,CLAY,-79.51277415,34.2233177,
I-000059,ANDERSON QUARRY,VULCAN CONSTRUCTION MATERIALS LLC,ANDERSON,GRANITE,GRANITE,-82.56745014,34.50300642,
I-000061,GRAY COURT,VULCAN CONSTRUCTION MATERIALS LLC,LAURENS,GRANITE,GRANITE,-82.11291215,34.62850204,
I-000072,SCOTT MINE,WR GRACE & CO GRACE DIV NATIONAL KAOLIN,AIKEN,CLAY,KAOLIN,-81.6131443,33.64478514,
I-000964,WILLIAMS ASH DISPOSAL,DOMINION ENERGY SOUTH CAROLINA INC WILLI,BERKELEY,SAND,SAND,-80.03671453,33.12391203,
I-001347,BRITTS,HWY 52 PIT LLC,DARLINGTON,SAND,SAND,-79.88428526,34.41044446,
GP1-001934,HWY 97 MINE,STEVENSON WEIR INC,CHESTER,SAND,SAND,-80.97337895,34.59491023,
GP1-002107,MCCORMICK LUMBER OPERATIONS,GEORGIA-PACIFIC WOOD PRODUCTS LLC,MCCORMICK,SAND,SAND,-82.33381843,33.89180927,
GP1-002107,MCCORMICK LUMBER OPERATIONS,GEORGIA-PACIFIC WOOD PRODUCTS LLC,MCCORMICK,SAND,SAND,-82.33395253,33.89229229,
I-002097,BENFIELD MINE,OMARR LLC,YORK,SAND,SANDCLAY,-81.18711386,34.95255339,
I-002118,WIRE ROAD SOUTH,THOMPSON-CAINHOY PROPERTIES LLC,DORCHESTER,SAND,SAND,-80.42956211,33.05845309,
GP1-002054,CRENSHAW MINE,CRENCO FOOD STORES INC,YORK,SAND,SAND,-81.01023911,34.85335558,
I-001070,BROWN #3 SAND MINE,RAY BROWN ENTERPRISES,CHEROKEE,SAND,SANDRIV,-81.60693019,35.15710806,
I-002223,PEANUT MINE,WOOD BROS INC,COLLETON,SAND,SANDCLAY,-80.64689508,32.86425252,
I-001592,HARLEY BAKER,D&A LLC,DORCHESTER,SAND,SAND,-80.36389959,33.14372104,
I-000354,BLACKSBURG QUARRY,VULCAN CONSTRUCTION MATERIALS LLC,CHEROKEE,GRANITE,GRANITE,-81.43952782,35.15953023,
I-000362,79TH AVENUE NORTH BORROW PIT,GDMB MARINA LAND LLC,HORRY,SAND,SAND,-78.82554498,33.75927962,
I-001889,COASTAL CONCRETE COTTAGEVILLE MINE,M2-SANDWORKS LLC,COLLETON,SAND,SAND,-80.44212692,32.99625243,
GP1-001956,STRAWBERRY ROAD MINE,PRO-GREEN LLC,HORRY,SAND,SAND,-78.75505921,33.8475687,
I-002024,INLAND SAND MINE,INLAND SAND LLC,MARION,SAND,SANDCLAY,-79.3162608,34.04527857,
I-002225,JASPER MINE,JR WILSON CONSTRUCTION CO INC,JASPER,SAND,SANDCLAY,-80.94957704,32.50969966,
I-001843,TUTTLE ROAD MINE,TUTTLE ROAD LLC,BERKELEY,SAND,SAND,-79.85771545,33.15371542,
I-000725,BRITTONS NECK MINE,AMERICAN MATERIALS COMPANY LLC,MARION,SAND,SAND,-79.33621174,33.89306985,
I-000748,BALL MINE,SPECIALTY VERMICULITE LLC,LAURENS,VERM,VERM,-81.99356248,34.56632347,
I-000956,MONETTA CLAYPIT,BRUSHY FORK CONSTRUCTION COMPANY LLC,AIKEN,SAND,SAND,-81.5975063,33.82828244,
I-000962,PRIMUS TRACT,O L THOMPSON CONSTRUCTION CO INC,BERKELEY,SAND,SAND,-79.91285639,32.9079032,
I-000487,SOUTH CAROLINA PINK,GEORGIA STONE INDUSTRIES INC,KERSHAW,GRANITE,GRANITE,-80.64016814,34.45761277,
GP1-001865,MAULDIN ROAD MINE,CA CARTER INC,GREENVILLE,SAND,SAND,-82.3412664,34.77775882,
I-001407,BAREFOOT MINE,PALMETTO LAND PARTNERS LLC,HORRY,LIME,COQ,-78.73431,33.82074,
GP1-001698,JUDGE ROAD BORROW PIT,DILLON COUNTY,DILLON,SAND,SAND,-79.40517267,34.34425158,
I-001739,PALMETTO SAND MINE,J L ANDERSON CO INC,MARLBORO,SAND,SAND,-79.78917949,34.71618704,
I-001905,SIMPSON MINE,THOMAS CONCRETE INC,CHESTERFIELD,SAND,SAND,-80.36257169,34.7139879,
I-002185,NORTHERN DIRT PIT II MINE,SITEWORK CONSTRUCTION & MANAGEMENT LLC,BERKELEY,SAND,SOIL,-79.87239371,32.95967589,
GP1-001925,NEWSOM MINE # 1,NEWSOM HAULING,DARLINGTON,SAND,SAND,-80.17795704,34.40289479,
GP1-001639,SAMPIT MINE,STONE CONSTRUCTION LLC,GEORGETOWN,SAND,SAND,-79.47779915,33.3361811,
I-001158,LAKE RIDGE MINE,RCPS PROPERTIES LLC,HORRY,SAND,SAND,-79.01516089,33.72496274,
GP1-001211,NAZARETH,B&T SAND COMPANY INC,LEXINGTON,SAND,SAND,-81.23984569,33.92708077,
I-002161,GLOVER PLANTATION MINE,OKATIE CONSTRUCTION LLC,JASPER,SAND,SANDCLAY,-80.92498075,32.40686945,
I-000608,RED BANK PIT,CAROLINA MATERIALS CORPORATION,LEXINGTON,SAND,SAND,-81.2336875,33.94168695,
GP1-001898,HARMON ROAD MINE,FD RILEY & SONS INC,SALUDA,SAND,SAND,-81.70779681,34.08194042,
I-001307,BROWN'S DIRT MINE,RAY BROWN ENTERPRISES,SPARTANBURG,SAND,SAND,-82.00195335,34.69535637,
I-000006,ATOMIC MINE,ATOMIC SAND LLC,AIKEN,SAND,SAND,-81.90170335,33.47848886,
I-000034,PARAGON MINE,KENTUCKY TENNESSEE CLAY CO,AIKEN,CLAY,KAOLIN,-81.83299405,33.4934899,
I-000037,CONGER MINE,KENTUCKY TENNESSEE CLAY CO,AIKEN,CLAY,KAOLIN,-81.77688857,33.53194379,
I-000092,CASH PLANT,HANSON AGGREGATES SOUTHEAST LLC,CHESTERFIELD,SAND,SAND,-79.85890877,34.62262465,
I-000100,RION QUARRY,MARTIN MARIETTA MATERIALS INC,FAIRFIELD,GRANITE,GRANITE,-81.1300748,34.30112172,
GP1-002079,BIG VALLEY MINE,S H CARTER DEVELOPMENT INC,GREENVILLE,SAND,SAND,-82.46940177,34.83793941,
I-000908,RIVER ROAD PLANT,SANDSMITH LLC,ANDERSON,SAND,SANDRIV,-82.45745358,34.71333208,
GP1-002159,BETTIS ACADEMY MINE,DIXIE SAND & GRAVEL LLC,EDGEFIELD,SAND,SAND,-81.88797459,33.66967451,
GP1-001997,COOGLER MINE,COOGLER CONSTRUCTION INC,FAIRFIELD,SAND,SAND,-81.30704104,34.2547213,
I-000120,HARLEYVILLE MINE,GIANT CEMENT COMPANY,DORCHESTER,LIME,LIME,-80.43822188,33.24117676,
I-000124,LANIER CONSTRUCTION COMPANY  INC.,LANIER CONSTRUCTION COMPANY INC,LEXINGTON,SAND,SAND,-81.07695937,33.87002607,
I-000130,BLAIR QUARRY,VULCAN CONSTRUCTION MATERIALS LLC,FAIRFIELD,GRANITE,GRANITE,-81.39487922,34.41674675,
I-000133,COLUMBIA QUARRY,VULCAN CONSTRUCTION MATERIALS LLC,RICHLAND,GRANITE,GRANITE,-81.03768167,33.97585377,
I-000166,BOLING MINE,WILSON SAND COMPANY LLC,ABBEVILLE,SAND,SANDRIV,-82.25454361,34.41893061,
I-000221,ROBERTS MINE,TAYLOR CLAY PRODUCTS COMPANY INC,CHEROKEE,SHALE,SHALE,-81.4461508,35.1180993,
GP1-001630,LOWCOUNTRY #1 MINE,LOW COUNTRY LAND SERVICES LLC,JASPER,SAND,SAND,-80.99486708,32.16983692,
I-001927,CROWN CASTLE MINE,178 MINING COMPANY LLC,DORCHESTER,SAND,SOIL,-80.40572375,33.1797935,
GP1-002005,GSM PAGELAND MINE,GS MATERIALS,CHESTERFIELD,SAND,SAND,-80.33704243,34.74912222,
I-000253,OCONEE COUNTY ROCK QUARRY,OCONEE COUNTY,OCONEE,GRANITE,GRANITE,-83.09263584,34.72798156,
GP1-001719,WOODFIELD RD MINE,HIBBITTS LAND EXCAVATION INC,AIKEN,SAND,SAND,-81.77247237,33.41497892,
I-000278,WRIGHT NO. 1. & 2.,SPECIALTY VERMICULITE LLC,LAURENS,VERM,VERM,-81.98504558,34.61950413,
I-001406,LITTLE RIVER SAND MINE,HARE RUN SAND COMPANY,ABBEVILLE,SAND,SANDRIV,-82.45029512,34.2670681,
I-001432,DRY BRANCH MINE,CAROLINA CERAMICS LLC,KERSHAW,CLAY,KAOLIN,-80.71878289,34.09163832,
I-000550,PAVER MINE,MARION CERAMICS INC,CHESTERFIELD,SHALE,SHALE,-79.94607843,34.77833966,
GP1-002021,COLEMAN MINE,CLELAND SITE PREP INC,BEAUFORT,SAND,SAND,-80.62937506,32.44324423,
GP1-002080,CAROLINE PIT,FAITH LANDSCAPING LLC,HORRY,SAND,SAND,-78.95943687,33.96414134,
I-000598,ANDREWS MINE,STONE CONSTRUCTION LLC,WILLIAMSBURG,SAND,SAND,-79.58935558,33.49769508,
I-000642,KENNETH HANNA MINE,SPECIALTY VERMICULITE LLC,LAURENS,VERM,VERM,-81.95184737,34.31051461,
I-000645,DUNGANNON MINE,ALLSTON FARRELL LLC,CHARLESTON,SAND,SAND,-80.16859392,32.77041772,
I-001654,PINE BLUFF MINE,PALMETTO SAND CO INC,DORCHESTER,SAND,SANDCLAY,-80.43246197,33.06217304,
I-001027,DIAMOND MINE #3,DORCHESTER LOGISTICS INC,DORCHESTER,SAND,SAND,-80.36983259,33.17152059,
I-001028,J.R. WILSON CONSTRUCTION CO.  INC.,JR WILSON CONSTRUCTION CO INC,HAMPTON,SAND,SAND,-81.22199258,32.84336984,
GP1-002089,SOUTHERN MINE #1,KING TRACT LLC,CHARLESTON,SAND,SAND,-79.66564453,32.96184734,
GP1-002145,FSC PIT MINE,FSC PROPERTIES LLC,CHESTERFIELD,SAND,SAND,-79.89729807,34.67011857,
GP1-002162,AULDREEKE MINE,SC INVESTMENT HOLDINS LLC,CHARLESTON,SAND,SAND,-80.04601116,32.67861414,
GP1-001932,PRISON CAMP BORROW SITE,PICKENS COUNTY OF,PICKENS,SAND,SAND,-82.75796859,34.88380172,
I-000702,RAINBOW FALLS PIT,RAINBOW FALLS ROAD CLASS TWO LANDFILL,AIKEN,SAND,SAND,-81.87291264,33.58395326,
I-001767,GUERARD MINE,D&A LLC,DORCHESTER,SAND,SAND,-80.37975747,33.12528602,
I-001653,CALHOUN COUNTY SAND MINE,BLUEGRASS MATERIALS COMPANY LLC,CALHOUN,SAND,SAND,-81.03697405,33.85687329,
GP1-001978,BP FARMS MINE,BP FARMS LLC,CHARLESTON,SAND,SAND,-80.12972308,32.73811148,
GP1-001891,MEDWAY MINE,PALMETTO SITE PREP LLC,ORANGEBURG,SAND,SAND,-80.89604584,33.52523946,
I-002026,MARION COUNTY US 378 MINE,LANDSDOWN EARTH AND PIPE INC,MARION,SAND,SANDCLAY,-79.30580985,33.8562144,
I-001000,MORGAN MINE,OAKRIDGE LANDFILL INC,DORCHESTER,SAND,SAND,-80.3043422,33.10830451,
I-001016,DEATON'S SAND PIT,DEATON SAND COMPANY,SPARTANBURG,SAND,SANDRIV,-81.78195062,34.94343437,
I-001030,BEAR BLUFF MATERIALS,ASHLEY ANDERSON FARMS,HORRY,SAND,SAND,-78.87576043,33.85266229,
GP1-002077,VAN NESS MINE SITE,ROBERT COLLINS COMPANY LLC,CHARLESTON,SAND,SAND,-80.2574651,32.73443003,
GP1-002124,DGH MINE,SALT MARSH HOMES LLC,HORRY,SAND,SAND,-78.67325835,33.85673692,
GP1-002091,LITOSA MINE,B & D SERVICES,CHARLESTON,SAND,SAND,-80.11298964,32.75693049,
I-002019,WALL PROPERTY SOIL BORROW MINE,DEMTEK LLC,SPARTANBURG,SAND,SANDCLAY,-81.90243519,35.00840812,
GP1-002013,G&N MINING,GEORGE FELDER JR,DORCHESTER,SAND,SAND,-80.53396879,33.12891303,
I-000998,PLUM BRANCH QUARRY,GS ROOFING PRODUCTS CO INC,MCCORMICK,SHALE,META,-82.23465337,33.81040406,
I-001014,PINEWOOD SITE - HILLS/LABRUCE,PINEWOOD SITE CUSTODIAL TRUST,CLARENDON,CLAY,CLAY,-80.46590668,33.60225844,
I-001042,LEE COUNTY BORROW PIT,LEE COUNTY,LEE,SAND,SAND,-80.26886333,34.05149883,
GP1-002265,COASTAL POINT WEST MINE,DREXEL 101 LLC,HORRY,SAND,SAND,-78.98700498,33.81035805,
GP1-002041,OLD REEVES FERRY MINE,PALMETTO PROPERTIES OF CONWAY LLC,HORRY,SAND,SAND,-78.85831442,33.84031735,
I-000874,EUBANKS MINE,KENTUCKY TENNESSEE CLAY CO,AIKEN,CLAY,KAOLIN,-81.7820188,33.51871099,
I-001591,RAM HORN,MANOR TRUST PROPERTIES LLC,HAMPTON,SAND,SANDCLAY,-80.95083794,32.80860619,
I-002201,RAVENSWOOD MINE,O L THOMPSON CONSTRUCTION CO INC,CHARLESTON,SAND,SAND,-80.13367,32.73080528,
GP1-002216,ARGENT 16,RF DEVELOPMENT LLC,JASPER,SAND,SAND,-80.9474936,32.36072787,
I-002245,BEACH ROAD MINE,JH HIERS CONSTRUCTION LLC,COLLETON,SAND,SANDCLAY,-80.71375869,32.90561735,
I-002262,SALEM PIT,L DEAN WEAVER COMPANY LLC,FLORENCE,SAND,SAND,-79.50666548,33.8897734,
I-000830,TAYLOR,TAYLOR CLAY PRODUCTS COMPANY INC,KERSHAW,CLAY,KAOLIN,-80.72035088,34.14005045,
I-000859,ROCKY RIVER PLANT,COOPER SAND AND GRAVEL COMPANY INC,ANDERSON,SAND,SANDRIV,-82.56701559,34.35024767,
I-000878,CNS MINE # 1,CLAUDE NEWMAN & SONS LLC,SUMTER,SAND,SAND,-80.49255511,33.94952782,
I-002023,ARROWOOD QUARRY-BORROW/DISPOSAL AREA,MARTIN MARIETTA MATERIALS INC,YORK,SAND,SANDCLAY,-80.92923033,35.09994356,
GP1-002202,ELLIOT MINE,COUNTY OF MARION,MARION,SAND,SAND,-79.30348272,34.12895162,
I-000845,BEECH ISLAND MINE,GARY L MCELMURRAY CONSTRUCTION COMPANY I,AIKEN,SAND,SAND,-81.87030652,33.44187336,
GP1-002051,HILTON HALL MINE,HILTON HALL MINING LLC,COLLETON,SAND,SAND,-80.70733711,32.92339011,
GP1-001984,DEWITT MINE,DEWITT DIRT,HORRY,SAND,SAND,-78.77671123,33.86754675,
